<?xml version="1.0" encoding="UTF-8"?>
<!DOCTYPE sqlMap PUBLIC "-//ibatis.apache.org//DTD SQL Map 2.0//EN" "http://ibatis.apache.org/dtd/sql-map-2.dtd">
<sqlMap namespace="CRM_TRAN_NO_EXC_SEQ">

    <select id="nextvalue" resultClass="java.lang.Long">
        SELECT
            NEXTVAL('CRM_TRAN_NO_EXC_SEQ') AS CRM_TRAN_NO_EXC_SEQ
    </select>
    
    <select id="nextvalue1" resultClass="java.lang.Long">
        SELECT
            CRM_TRAN_NO_EXC_SEQ.NEXTVAL AS CRM_TRAN_NO_EXC_SEQ
        FROM
            DUAL
    </select>
</sqlMap>

<?xml version="1.0" encoding="UTF-8"?>
<!DOCTYPE sqlMap PUBLIC "-//ibatis.apache.org//DTD SQL Map 2.0//EN" "http://ibatis.apache.org/dtd/sql-map-2.dtd">
<sqlMap namespace="CRM_TRAN_NO_EXC_SEQ">

    <select id="nextvalue" resultClass="java.lang.Long">
        SELECT
            NEXTVAL('CRM_TRAN_NO_EXC_SEQ') AS CRM_TRAN_NO_EXC_SEQ
    </select>
    
    <select id="nextvalue1" resultClass="java.lang.Long">
        SELECT
            CRM_TRAN_NO_EXC_SEQ.NEXTVAL AS CRM_TRAN_NO_EXC_SEQ
        FROM
            DUAL
    </select>
</sqlMap>

