<?xml version="1.0" encoding="UTF-8"?>
<!DOCTYPE sqlMap PUBLIC "-//ibatis.apache.org//DTD SQL Map 2.0//EN" "http://ibatis.apache.org/dtd/sql-map-2.dtd">
<sqlMap namespace="FUSEI_TORIHIKI_SEQ">

    <select id="nextvalue" resultClass="java.lang.Long">
        SELECT
            NEXTVAL('FUSEI_TORIHIKI_SEQ') AS FUSEI_TORIHIKI_SEQ
    </select>
    
    <select id="nextvalue1" resultClass="java.lang.Long">
        SELECT
            FUSEI_TORIHIKI_SEQ.NEXTVAL AS FUSEI_TORIHIKI_SEQ
        FROM
            DUAL
    </select>
</sqlMap>

<?xml version="1.0" encoding="UTF-8"?>
<!DOCTYPE sqlMap PUBLIC "-//ibatis.apache.org//DTD SQL Map 2.0//EN" "http://ibatis.apache.org/dtd/sql-map-2.dtd">
<sqlMap namespace="FUSEI_TORIHIKI_SEQ">

    <select id="nextvalue" resultClass="java.lang.Long">
        SELECT
            NEXTVAL('FUSEI_TORIHIKI_SEQ') AS FUSEI_TORIHIKI_SEQ
    </select>
    
    <select id="nextvalue1" resultClass="java.lang.Long">
        SELECT
            FUSEI_TORIHIKI_SEQ.NEXTVAL AS FUSEI_TORIHIKI_SEQ
        FROM
            DUAL
    </select>
</sqlMap>

