<?xml version="1.0" encoding="UTF-8"?>
<!DOCTYPE sqlMap PUBLIC "-//ibatis.apache.org//DTD SQL Map 2.0//EN" "http://ibatis.apache.org/dtd/sql-map-2.dtd">
<sqlMap namespace="ISSUE_CARD_APPL_SEQ">

    <select id="nextvalue" resultClass="java.lang.Long">
        SELECT
            NEXTVAL('ISSUE_CARD_APPL_SEQ') AS ISSUE_CARD_APPL_SEQ
    </select>
    
    <select id="nextvalue1" resultClass="java.lang.Long">
        SELECT
            ISSUE_CARD_APPL_SEQ.NEXTVAL AS ISSUE_CARD_APPL_SEQ
        FROM
            DUAL
    </select>
</sqlMap>

<?xml version="1.0" encoding="UTF-8"?>
<!DOCTYPE sqlMap PUBLIC "-//ibatis.apache.org//DTD SQL Map 2.0//EN" "http://ibatis.apache.org/dtd/sql-map-2.dtd">
<sqlMap namespace="ISSUE_CARD_APPL_SEQ">

    <select id="nextvalue" resultClass="java.lang.Long">
        SELECT
            NEXTVAL('ISSUE_CARD_APPL_SEQ') AS ISSUE_CARD_APPL_SEQ
    </select>
    
    <select id="nextvalue1" resultClass="java.lang.Long">
        SELECT
            ISSUE_CARD_APPL_SEQ.NEXTVAL AS ISSUE_CARD_APPL_SEQ
        FROM
            DUAL
    </select>
</sqlMap>

