<?xml version="1.0" encoding="UTF-8"?>
<!DOCTYPE sqlMap PUBLIC "-//ibatis.apache.org//DTD SQL Map 2.0//EN" "http://ibatis.apache.org/dtd/sql-map-2.dtd">
<sqlMap namespace="KAIAGE_TUJO_INCENTIVE_M_SEQ">

    <select id="nextvalue" resultClass="java.lang.Long">
        SELECT
            NEXTVAL('KAIAGE_TUJO_INCENTIVE_M_SEQ') AS KAIAGE_TUJO_INCENTIVE_M_SEQ
    </select>
    
    <select id="nextvalue1" resultClass="java.lang.Long">
        SELECT
            KAIAGE_TUJO_INCENTIVE_M_SEQ.NEXTVAL AS KAIAGE_TUJO_INCENTIVE_M_SEQ
        FROM
            DUAL
    </select>
</sqlMap>

<?xml version="1.0" encoding="UTF-8"?>
<!DOCTYPE sqlMap PUBLIC "-//ibatis.apache.org//DTD SQL Map 2.0//EN" "http://ibatis.apache.org/dtd/sql-map-2.dtd">
<sqlMap namespace="KAIAGE_TUJO_INCENTIVE_M_SEQ">

    <select id="nextvalue" resultClass="java.lang.Long">
        SELECT
            NEXTVAL('KAIAGE_TUJO_INCENTIVE_M_SEQ') AS KAIAGE_TUJO_INCENTIVE_M_SEQ
    </select>
    
    <select id="nextvalue1" resultClass="java.lang.Long">
        SELECT
            KAIAGE_TUJO_INCENTIVE_M_SEQ.NEXTVAL AS KAIAGE_TUJO_INCENTIVE_M_SEQ
        FROM
            DUAL
    </select>
</sqlMap>

