<?xml version="1.0" encoding="UTF-8"?>
<!DOCTYPE sqlMap PUBLIC "-//ibatis.apache.org//DTD SQL Map 2.0//EN" "http://ibatis.apache.org/dtd/sql-map-2.dtd">
<sqlMap namespace="KAIIN_NO_INIT_ISSUE_SEQ">

    <select id="nextvalue" resultClass="java.lang.Long">
        SELECT
            NEXTVAL('KAIIN_NO_INIT_ISSUE_SEQ') AS KAIIN_NO_INIT_ISSUE_SEQ
    </select>
    
    <select id="nextvalue1" resultClass="java.lang.Long">
        SELECT
            KAIIN_NO_INIT_ISSUE_SEQ.NEXTVAL AS KAIIN_NO_INIT_ISSUE_SEQ
        FROM
            DUAL
    </select>
</sqlMap>

<?xml version="1.0" encoding="UTF-8"?>
<!DOCTYPE sqlMap PUBLIC "-//ibatis.apache.org//DTD SQL Map 2.0//EN" "http://ibatis.apache.org/dtd/sql-map-2.dtd">
<sqlMap namespace="KAIIN_NO_INIT_ISSUE_SEQ">

    <select id="nextvalue" resultClass="java.lang.Long">
        SELECT
            NEXTVAL('KAIIN_NO_INIT_ISSUE_SEQ') AS KAIIN_NO_INIT_ISSUE_SEQ
    </select>
    
    <select id="nextvalue1" resultClass="java.lang.Long">
        SELECT
            KAIIN_NO_INIT_ISSUE_SEQ.NEXTVAL AS KAIIN_NO_INIT_ISSUE_SEQ
        FROM
            DUAL
    </select>
</sqlMap>

