<?xml version="1.0" encoding="UTF-8"?>
<!DOCTYPE sqlMap PUBLIC "-//ibatis.apache.org//DTD SQL Map 2.0//EN" "http://ibatis.apache.org/dtd/sql-map-2.dtd">
<sqlMap namespace="ME_CAMPAIGN_ID_SEQ">

    <select id="nextvalue" resultClass="java.lang.Long">
        SELECT
            NEXTVAL('ME_CAMPAIGN_ID_SEQ') AS ME_CAMPAIGN_ID_SEQ
    </select>
    
    <select id="nextvalue1" resultClass="java.lang.Long">
        SELECT
            ME_CAMPAIGN_ID_SEQ.NEXTVAL AS ME_CAMPAIGN_ID_SEQ
        FROM
            DUAL
    </select>
</sqlMap>

<?xml version="1.0" encoding="UTF-8"?>
<!DOCTYPE sqlMap PUBLIC "-//ibatis.apache.org//DTD SQL Map 2.0//EN" "http://ibatis.apache.org/dtd/sql-map-2.dtd">
<sqlMap namespace="ME_CAMPAIGN_ID_SEQ">

    <select id="nextvalue" resultClass="java.lang.Long">
        SELECT
            NEXTVAL('ME_CAMPAIGN_ID_SEQ') AS ME_CAMPAIGN_ID_SEQ
    </select>
    
    <select id="nextvalue1" resultClass="java.lang.Long">
        SELECT
            ME_CAMPAIGN_ID_SEQ.NEXTVAL AS ME_CAMPAIGN_ID_SEQ
        FROM
            DUAL
    </select>
</sqlMap>

