<?xml version="1.0" encoding="UTF-8"?>
<!DOCTYPE sqlMap PUBLIC "-//ibatis.apache.org//DTD SQL Map 2.0//EN" "http://ibatis.apache.org/dtd/sql-map-2.dtd">
<sqlMap namespace="TOIAWASE_CLAIMS_NO_SEQ">

    <select id="nextvalue" resultClass="java.lang.Long">
        SELECT
            NEXTVAL('TOIAWASE_CLAIMS_NO_SEQ') AS TOIAWASE_CLAIMS_NO_SEQ
    </select>
    
    <select id="nextvalue1" resultClass="java.lang.Long">
        SELECT
            TOIAWASE_CLAIMS_NO_SEQ.NEXTVAL AS TOIAWASE_CLAIMS_NO_SEQ
        FROM
            DUAL
    </select>
</sqlMap>

<?xml version="1.0" encoding="UTF-8"?>
<!DOCTYPE sqlMap PUBLIC "-//ibatis.apache.org//DTD SQL Map 2.0//EN" "http://ibatis.apache.org/dtd/sql-map-2.dtd">
<sqlMap namespace="TOIAWASE_CLAIMS_NO_SEQ">

    <select id="nextvalue" resultClass="java.lang.Long">
        SELECT
            NEXTVAL('TOIAWASE_CLAIMS_NO_SEQ') AS TOIAWASE_CLAIMS_NO_SEQ
    </select>
    
    <select id="nextvalue1" resultClass="java.lang.Long">
        SELECT
            TOIAWASE_CLAIMS_NO_SEQ.NEXTVAL AS TOIAWASE_CLAIMS_NO_SEQ
        FROM
            DUAL
    </select>
</sqlMap>

