<?xml version="1.0" encoding="UTF-8"?>
<!DOCTYPE sqlMap PUBLIC "-//ibatis.apache.org//DTD SQL Map 2.0//EN" "http://ibatis.apache.org/dtd/sql-map-2.dtd">
<sqlMap namespace="TICKET_ERROR_ID_SEQ">

    <select id="nextvalue" resultClass="java.lang.Long">
        SELECT
            NEXTVAL('TICKET_ERROR_ID_SEQ')
    </select>
    
    <select id="nextvalue1" resultClass="java.lang.Long">
        SELECT
            TICKET_ERROR_ID_SEQ.NEXTVAL
        FROM
            DUAL
    </select>
</sqlMap>

<?xml version="1.0" encoding="UTF-8"?>
<!DOCTYPE sqlMap PUBLIC "-//ibatis.apache.org//DTD SQL Map 2.0//EN" "http://ibatis.apache.org/dtd/sql-map-2.dtd">
<sqlMap namespace="TICKET_ERROR_ID_SEQ">

    <select id="nextvalue" resultClass="java.lang.Long">
        SELECT
            NEXTVAL('TICKET_ERROR_ID_SEQ')
    </select>
    
    <select id="nextvalue1" resultClass="java.lang.Long">
        SELECT
            TICKET_ERROR_ID_SEQ.NEXTVAL
        FROM
            DUAL
    </select>
</sqlMap>

