     <bean id="ReceiptDefaultMessageSeqBaseDaoImpl"
        class="jp.hitachisoft.jfk.online.common.db.dao.ReceiptDefaultMessageSeqBaseDaoImpl" >
        <property name="dataSource">
            <ref bean="dataSource"/>
        </property>
        <property name="sqlMapClient">
            <ref bean="sqlMapBaseClient"/>
        </property>
    </bean>
    <bean id="ReceiptDefaultMessageSeqBaseDao" class="org.springframework.aop.framework.ProxyFactoryBean">
        <property name="target"><ref bean="ReceiptDefaultMessageSeqBaseDaoImpl"/></property>
        <property name="proxyInterfaces">
            <value>jp.hitachisoft.jfk.online.common.db.dao.ReceiptDefaultMessageSeqBaseDao</value>
        </property>
        <property name="interceptorNames">
            <list>
                <value>businessCommonInterceptor</value>
            </list>
        </property>
    </bean>
     <bean id="SoshikiRirekiTubanSeqBaseDaoImpl"
        class="jp.hitachisoft.jfk.online.common.db.dao.SoshikiRirekiTubanSeqBaseDaoImpl" >
        <property name="dataSource">
            <ref bean="dataSource"/>
        </property>
        <property name="sqlMapClient">
            <ref bean="sqlMapBaseClient"/>
        </property>
    </bean>
    <bean id="SoshikiRirekiTubanSeqBaseDao" class="org.springframework.aop.framework.ProxyFactoryBean">
        <property name="target"><ref bean="SoshikiRirekiTubanSeqBaseDaoImpl"/></property>
        <property name="proxyInterfaces">
            <value>jp.hitachisoft.jfk.online.common.db.dao.SoshikiRirekiTubanSeqBaseDao</value>
        </property>
        <property name="interceptorNames">
            <list>
                <value>businessCommonInterceptor</value>
            </list>
        </property>
    </bean>
     <bean id="InfoxRirekiTubanSeqBaseDaoImpl"
        class="jp.hitachisoft.jfk.online.common.db.dao.InfoxRirekiTubanSeqBaseDaoImpl" >
        <property name="dataSource">
            <ref bean="dataSource"/>
        </property>
        <property name="sqlMapClient">
            <ref bean="sqlMapBaseClient"/>
        </property>
    </bean>
    <bean id="InfoxRirekiTubanSeqBaseDao" class="org.springframework.aop.framework.ProxyFactoryBean">
        <property name="target"><ref bean="InfoxRirekiTubanSeqBaseDaoImpl"/></property>
        <property name="proxyInterfaces">
            <value>jp.hitachisoft.jfk.online.common.db.dao.InfoxRirekiTubanSeqBaseDao</value>
        </property>
        <property name="interceptorNames">
            <list>
                <value>businessCommonInterceptor</value>
            </list>
        </property>
    </bean>
     <bean id="FileUploadRirekiSeqBaseDaoImpl"
        class="jp.hitachisoft.jfk.online.common.db.dao.FileUploadRirekiSeqBaseDaoImpl" >
        <property name="dataSource">
            <ref bean="dataSource"/>
        </property>
        <property name="sqlMapClient">
            <ref bean="sqlMapBaseClient"/>
        </property>
    </bean>
    <bean id="FileUploadRirekiSeqBaseDao" class="org.springframework.aop.framework.ProxyFactoryBean">
        <property name="target"><ref bean="FileUploadRirekiSeqBaseDaoImpl"/></property>
        <property name="proxyInterfaces">
            <value>jp.hitachisoft.jfk.online.common.db.dao.FileUploadRirekiSeqBaseDao</value>
        </property>
        <property name="interceptorNames">
            <list>
                <value>businessCommonInterceptor</value>
            </list>
        </property>
    </bean>
     <bean id="MeCampaignIdSeqBaseDaoImpl"
        class="jp.hitachisoft.jfk.online.common.db.dao.MeCampaignIdSeqBaseDaoImpl" >
        <property name="dataSource">
            <ref bean="dataSource"/>
        </property>
        <property name="sqlMapClient">
            <ref bean="sqlMapBaseClient"/>
        </property>
    </bean>
    <bean id="MeCampaignIdSeqBaseDao" class="org.springframework.aop.framework.ProxyFactoryBean">
        <property name="target"><ref bean="MeCampaignIdSeqBaseDaoImpl"/></property>
        <property name="proxyInterfaces">
            <value>jp.hitachisoft.jfk.online.common.db.dao.MeCampaignIdSeqBaseDao</value>
        </property>
        <property name="interceptorNames">
            <list>
                <value>businessCommonInterceptor</value>
            </list>
        </property>
    </bean>
     <bean id="UsCampaignIdSeqBaseDaoImpl"
        class="jp.hitachisoft.jfk.online.common.db.dao.UsCampaignIdSeqBaseDaoImpl" >
        <property name="dataSource">
            <ref bean="dataSource"/>
        </property>
        <property name="sqlMapClient">
            <ref bean="sqlMapBaseClient"/>
        </property>
    </bean>
    <bean id="UsCampaignIdSeqBaseDao" class="org.springframework.aop.framework.ProxyFactoryBean">
        <property name="target"><ref bean="UsCampaignIdSeqBaseDaoImpl"/></property>
        <property name="proxyInterfaces">
            <value>jp.hitachisoft.jfk.online.common.db.dao.UsCampaignIdSeqBaseDao</value>
        </property>
        <property name="interceptorNames">
            <list>
                <value>businessCommonInterceptor</value>
            </list>
        </property>
    </bean>
     <bean id="KikakuCodeSeqBaseDaoImpl"
        class="jp.hitachisoft.jfk.online.common.db.dao.KikakuCodeSeqBaseDaoImpl" >
        <property name="dataSource">
            <ref bean="dataSource"/>
        </property>
        <property name="sqlMapClient">
            <ref bean="sqlMapBaseClient"/>
        </property>
    </bean>
    <bean id="KikakuCodeSeqBaseDao" class="org.springframework.aop.framework.ProxyFactoryBean">
        <property name="target"><ref bean="KikakuCodeSeqBaseDaoImpl"/></property>
        <property name="proxyInterfaces">
            <value>jp.hitachisoft.jfk.online.common.db.dao.KikakuCodeSeqBaseDao</value>
        </property>
        <property name="interceptorNames">
            <list>
                <value>businessCommonInterceptor</value>
            </list>
        </property>
    </bean>
     <bean id="QuestionIdSeqBaseDaoImpl"
        class="jp.hitachisoft.jfk.online.common.db.dao.QuestionIdSeqBaseDaoImpl" >
        <property name="dataSource">
            <ref bean="dataSource"/>
        </property>
        <property name="sqlMapClient">
            <ref bean="sqlMapBaseClient"/>
        </property>
    </bean>
    <bean id="QuestionIdSeqBaseDao" class="org.springframework.aop.framework.ProxyFactoryBean">
        <property name="target"><ref bean="QuestionIdSeqBaseDaoImpl"/></property>
        <property name="proxyInterfaces">
            <value>jp.hitachisoft.jfk.online.common.db.dao.QuestionIdSeqBaseDao</value>
        </property>
        <property name="interceptorNames">
            <list>
                <value>businessCommonInterceptor</value>
            </list>
        </property>
    </bean>
     <bean id="HutatsuJohoIdSeqBaseDaoImpl"
        class="jp.hitachisoft.jfk.online.common.db.dao.HutatsuJohoIdSeqBaseDaoImpl" >
        <property name="dataSource">
            <ref bean="dataSource"/>
        </property>
        <property name="sqlMapClient">
            <ref bean="sqlMapBaseClient"/>
        </property>
    </bean>
    <bean id="HutatsuJohoIdSeqBaseDao" class="org.springframework.aop.framework.ProxyFactoryBean">
        <property name="target"><ref bean="HutatsuJohoIdSeqBaseDaoImpl"/></property>
        <property name="proxyInterfaces">
            <value>jp.hitachisoft.jfk.online.common.db.dao.HutatsuJohoIdSeqBaseDao</value>
        </property>
        <property name="interceptorNames">
            <list>
                <value>businessCommonInterceptor</value>
            </list>
        </property>
    </bean>
     <bean id="PushIdSeqBaseDaoImpl"
        class="jp.hitachisoft.jfk.online.common.db.dao.PushIdSeqBaseDaoImpl" >
        <property name="dataSource">
            <ref bean="dataSource"/>
        </property>
        <property name="sqlMapClient">
            <ref bean="sqlMapBaseClient"/>
        </property>
    </bean>
    <bean id="PushIdSeqBaseDao" class="org.springframework.aop.framework.ProxyFactoryBean">
        <property name="target"><ref bean="PushIdSeqBaseDaoImpl"/></property>
        <property name="proxyInterfaces">
            <value>jp.hitachisoft.jfk.online.common.db.dao.PushIdSeqBaseDao</value>
        </property>
        <property name="interceptorNames">
            <list>
                <value>businessCommonInterceptor</value>
            </list>
        </property>
    </bean>
     <bean id="KaiinlistIdSeqBaseDaoImpl"
        class="jp.hitachisoft.jfk.online.common.db.dao.KaiinlistIdSeqBaseDaoImpl" >
        <property name="dataSource">
            <ref bean="dataSource"/>
        </property>
        <property name="sqlMapClient">
            <ref bean="sqlMapBaseClient"/>
        </property>
    </bean>
    <bean id="KaiinlistIdSeqBaseDao" class="org.springframework.aop.framework.ProxyFactoryBean">
        <property name="target"><ref bean="KaiinlistIdSeqBaseDaoImpl"/></property>
        <property name="proxyInterfaces">
            <value>jp.hitachisoft.jfk.online.common.db.dao.KaiinlistIdSeqBaseDao</value>
        </property>
        <property name="interceptorNames">
            <list>
                <value>businessCommonInterceptor</value>
            </list>
        </property>
    </bean>
     <bean id="ToiawaseClaimsNoSeqBaseDaoImpl"
        class="jp.hitachisoft.jfk.online.common.db.dao.ToiawaseClaimsNoSeqBaseDaoImpl" >
        <property name="dataSource">
            <ref bean="dataSource"/>
        </property>
        <property name="sqlMapClient">
            <ref bean="sqlMapBaseClient"/>
        </property>
    </bean>
    <bean id="ToiawaseClaimsNoSeqBaseDao" class="org.springframework.aop.framework.ProxyFactoryBean">
        <property name="target"><ref bean="ToiawaseClaimsNoSeqBaseDaoImpl"/></property>
        <property name="proxyInterfaces">
            <value>jp.hitachisoft.jfk.online.common.db.dao.ToiawaseClaimsNoSeqBaseDao</value>
        </property>
        <property name="interceptorNames">
            <list>
                <value>businessCommonInterceptor</value>
            </list>
        </property>
    </bean>
     <bean id="ToiawaseClaimsReceiptNoSeqBaseDaoImpl"
        class="jp.hitachisoft.jfk.online.common.db.dao.ToiawaseClaimsReceiptNoSeqBaseDaoImpl" >
        <property name="dataSource">
            <ref bean="dataSource"/>
        </property>
        <property name="sqlMapClient">
            <ref bean="sqlMapBaseClient"/>
        </property>
    </bean>
    <bean id="ToiawaseClaimsReceiptNoSeqBaseDao" class="org.springframework.aop.framework.ProxyFactoryBean">
        <property name="target"><ref bean="ToiawaseClaimsReceiptNoSeqBaseDaoImpl"/></property>
        <property name="proxyInterfaces">
            <value>jp.hitachisoft.jfk.online.common.db.dao.ToiawaseClaimsReceiptNoSeqBaseDao</value>
        </property>
        <property name="interceptorNames">
            <list>
                <value>businessCommonInterceptor</value>
            </list>
        </property>
    </bean>
     <bean id="KaiinKensakuRirekiSeqBaseDaoImpl"
        class="jp.hitachisoft.jfk.online.common.db.dao.KaiinKensakuRirekiSeqBaseDaoImpl" >
        <property name="dataSource">
            <ref bean="dataSource"/>
        </property>
        <property name="sqlMapClient">
            <ref bean="sqlMapBaseClient"/>
        </property>
    </bean>
    <bean id="KaiinKensakuRirekiSeqBaseDao" class="org.springframework.aop.framework.ProxyFactoryBean">
        <property name="target"><ref bean="KaiinKensakuRirekiSeqBaseDaoImpl"/></property>
        <property name="proxyInterfaces">
            <value>jp.hitachisoft.jfk.online.common.db.dao.KaiinKensakuRirekiSeqBaseDao</value>
        </property>
        <property name="interceptorNames">
            <list>
                <value>businessCommonInterceptor</value>
            </list>
        </property>
    </bean>
     <bean id="KaiinHendouRirekiSeqBaseDaoImpl"
        class="jp.hitachisoft.jfk.online.common.db.dao.KaiinHendouRirekiSeqBaseDaoImpl" >
        <property name="dataSource">
            <ref bean="dataSource"/>
        </property>
        <property name="sqlMapClient">
            <ref bean="sqlMapBaseClient"/>
        </property>
    </bean>
    <bean id="KaiinHendouRirekiSeqBaseDao" class="org.springframework.aop.framework.ProxyFactoryBean">
        <property name="target"><ref bean="KaiinHendouRirekiSeqBaseDaoImpl"/></property>
        <property name="proxyInterfaces">
            <value>jp.hitachisoft.jfk.online.common.db.dao.KaiinHendouRirekiSeqBaseDao</value>
        </property>
        <property name="interceptorNames">
            <list>
                <value>businessCommonInterceptor</value>
            </list>
        </property>
    </bean>
     <bean id="CardHendouRirekiSeqBaseDaoImpl"
        class="jp.hitachisoft.jfk.online.common.db.dao.CardHendouRirekiSeqBaseDaoImpl" >
        <property name="dataSource">
            <ref bean="dataSource"/>
        </property>
        <property name="sqlMapClient">
            <ref bean="sqlMapBaseClient"/>
        </property>
    </bean>
    <bean id="CardHendouRirekiSeqBaseDao" class="org.springframework.aop.framework.ProxyFactoryBean">
        <property name="target"><ref bean="CardHendouRirekiSeqBaseDaoImpl"/></property>
        <property name="proxyInterfaces">
            <value>jp.hitachisoft.jfk.online.common.db.dao.CardHendouRirekiSeqBaseDao</value>
        </property>
        <property name="interceptorNames">
            <list>
                <value>businessCommonInterceptor</value>
            </list>
        </property>
    </bean>
     <bean id="SmilelinkRirekiSeqBaseDaoImpl"
        class="jp.hitachisoft.jfk.online.common.db.dao.SmilelinkRirekiSeqBaseDaoImpl" >
        <property name="dataSource">
            <ref bean="dataSource"/>
        </property>
        <property name="sqlMapClient">
            <ref bean="sqlMapBaseClient"/>
        </property>
    </bean>
    <bean id="SmilelinkRirekiSeqBaseDao" class="org.springframework.aop.framework.ProxyFactoryBean">
        <property name="target"><ref bean="SmilelinkRirekiSeqBaseDaoImpl"/></property>
        <property name="proxyInterfaces">
            <value>jp.hitachisoft.jfk.online.common.db.dao.SmilelinkRirekiSeqBaseDao</value>
        </property>
        <property name="interceptorNames">
            <list>
                <value>businessCommonInterceptor</value>
            </list>
        </property>
    </bean>
     <bean id="KaiinNoInitIssueSeqBaseDaoImpl"
        class="jp.hitachisoft.jfk.online.common.db.dao.KaiinNoInitIssueSeqBaseDaoImpl" >
        <property name="dataSource">
            <ref bean="dataSource"/>
        </property>
        <property name="sqlMapClient">
            <ref bean="sqlMapBaseClient"/>
        </property>
    </bean>
    <bean id="KaiinNoInitIssueSeqBaseDao" class="org.springframework.aop.framework.ProxyFactoryBean">
        <property name="target"><ref bean="KaiinNoInitIssueSeqBaseDaoImpl"/></property>
        <property name="proxyInterfaces">
            <value>jp.hitachisoft.jfk.online.common.db.dao.KaiinNoInitIssueSeqBaseDao</value>
        </property>
        <property name="interceptorNames">
            <list>
                <value>businessCommonInterceptor</value>
            </list>
        </property>
    </bean>
     <bean id="IssueCardApplSeqBaseDaoImpl"
        class="jp.hitachisoft.jfk.online.common.db.dao.IssueCardApplSeqBaseDaoImpl" >
        <property name="dataSource">
            <ref bean="dataSource"/>
        </property>
        <property name="sqlMapClient">
            <ref bean="sqlMapBaseClient"/>
        </property>
    </bean>
    <bean id="IssueCardApplSeqBaseDao" class="org.springframework.aop.framework.ProxyFactoryBean">
        <property name="target"><ref bean="IssueCardApplSeqBaseDaoImpl"/></property>
        <property name="proxyInterfaces">
            <value>jp.hitachisoft.jfk.online.common.db.dao.IssueCardApplSeqBaseDao</value>
        </property>
        <property name="interceptorNames">
            <list>
                <value>businessCommonInterceptor</value>
            </list>
        </property>
    </bean>
     <bean id="KaiinSecOrgRirekiSeqBaseDaoImpl"
        class="jp.hitachisoft.jfk.online.common.db.dao.KaiinSecOrgRirekiSeqBaseDaoImpl" >
        <property name="dataSource">
            <ref bean="dataSource"/>
        </property>
        <property name="sqlMapClient">
            <ref bean="sqlMapBaseClient"/>
        </property>
    </bean>
    <bean id="KaiinSecOrgRirekiSeqBaseDao" class="org.springframework.aop.framework.ProxyFactoryBean">
        <property name="target"><ref bean="KaiinSecOrgRirekiSeqBaseDaoImpl"/></property>
        <property name="proxyInterfaces">
            <value>jp.hitachisoft.jfk.online.common.db.dao.KaiinSecOrgRirekiSeqBaseDao</value>
        </property>
        <property name="interceptorNames">
            <list>
                <value>businessCommonInterceptor</value>
            </list>
        </property>
    </bean>
     <bean id="SpRankRirekiSeqBaseDaoImpl"
        class="jp.hitachisoft.jfk.online.common.db.dao.SpRankRirekiSeqBaseDaoImpl" >
        <property name="dataSource">
            <ref bean="dataSource"/>
        </property>
        <property name="sqlMapClient">
            <ref bean="sqlMapBaseClient"/>
        </property>
    </bean>
    <bean id="SpRankRirekiSeqBaseDao" class="org.springframework.aop.framework.ProxyFactoryBean">
        <property name="target"><ref bean="SpRankRirekiSeqBaseDaoImpl"/></property>
        <property name="proxyInterfaces">
            <value>jp.hitachisoft.jfk.online.common.db.dao.SpRankRirekiSeqBaseDao</value>
        </property>
        <property name="interceptorNames">
            <list>
                <value>businessCommonInterceptor</value>
            </list>
        </property>
    </bean>
     <bean id="KaiinFavoriteRirekiSeqBaseDaoImpl"
        class="jp.hitachisoft.jfk.online.common.db.dao.KaiinFavoriteRirekiSeqBaseDaoImpl" >
        <property name="dataSource">
            <ref bean="dataSource"/>
        </property>
        <property name="sqlMapClient">
            <ref bean="sqlMapBaseClient"/>
        </property>
    </bean>
    <bean id="KaiinFavoriteRirekiSeqBaseDao" class="org.springframework.aop.framework.ProxyFactoryBean">
        <property name="target"><ref bean="KaiinFavoriteRirekiSeqBaseDaoImpl"/></property>
        <property name="proxyInterfaces">
            <value>jp.hitachisoft.jfk.online.common.db.dao.KaiinFavoriteRirekiSeqBaseDao</value>
        </property>
        <property name="interceptorNames">
            <list>
                <value>businessCommonInterceptor</value>
            </list>
        </property>
    </bean>
     <bean id="KaiinTougouRirekiSeqBaseDaoImpl"
        class="jp.hitachisoft.jfk.online.common.db.dao.KaiinTougouRirekiSeqBaseDaoImpl" >
        <property name="dataSource">
            <ref bean="dataSource"/>
        </property>
        <property name="sqlMapClient">
            <ref bean="sqlMapBaseClient"/>
        </property>
    </bean>
    <bean id="KaiinTougouRirekiSeqBaseDao" class="org.springframework.aop.framework.ProxyFactoryBean">
        <property name="target"><ref bean="KaiinTougouRirekiSeqBaseDaoImpl"/></property>
        <property name="proxyInterfaces">
            <value>jp.hitachisoft.jfk.online.common.db.dao.KaiinTougouRirekiSeqBaseDao</value>
        </property>
        <property name="interceptorNames">
            <list>
                <value>businessCommonInterceptor</value>
            </list>
        </property>
    </bean>
     <bean id="KaiinErrRirekiSeqBaseDaoImpl"
        class="jp.hitachisoft.jfk.online.common.db.dao.KaiinErrRirekiSeqBaseDaoImpl" >
        <property name="dataSource">
            <ref bean="dataSource"/>
        </property>
        <property name="sqlMapClient">
            <ref bean="sqlMapBaseClient"/>
        </property>
    </bean>
    <bean id="KaiinErrRirekiSeqBaseDao" class="org.springframework.aop.framework.ProxyFactoryBean">
        <property name="target"><ref bean="KaiinErrRirekiSeqBaseDaoImpl"/></property>
        <property name="proxyInterfaces">
            <value>jp.hitachisoft.jfk.online.common.db.dao.KaiinErrRirekiSeqBaseDao</value>
        </property>
        <property name="interceptorNames">
            <list>
                <value>businessCommonInterceptor</value>
            </list>
        </property>
    </bean>
     <bean id="ShouhinUketukeNoSeqBaseDaoImpl"
        class="jp.hitachisoft.jfk.online.common.db.dao.ShouhinUketukeNoSeqBaseDaoImpl" >
        <property name="dataSource">
            <ref bean="dataSource"/>
        </property>
        <property name="sqlMapClient">
            <ref bean="sqlMapBaseClient"/>
        </property>
    </bean>
    <bean id="ShouhinUketukeNoSeqBaseDao" class="org.springframework.aop.framework.ProxyFactoryBean">
        <property name="target"><ref bean="ShouhinUketukeNoSeqBaseDaoImpl"/></property>
        <property name="proxyInterfaces">
            <value>jp.hitachisoft.jfk.online.common.db.dao.ShouhinUketukeNoSeqBaseDao</value>
        </property>
        <property name="interceptorNames">
            <list>
                <value>businessCommonInterceptor</value>
            </list>
        </property>
    </bean>
     <bean id="ShouhinUpdatedSeqBaseDaoImpl"
        class="jp.hitachisoft.jfk.online.common.db.dao.ShouhinUpdatedSeqBaseDaoImpl" >
        <property name="dataSource">
            <ref bean="dataSource"/>
        </property>
        <property name="sqlMapClient">
            <ref bean="sqlMapBaseClient"/>
        </property>
    </bean>
    <bean id="ShouhinUpdatedSeqBaseDao" class="org.springframework.aop.framework.ProxyFactoryBean">
        <property name="target"><ref bean="ShouhinUpdatedSeqBaseDaoImpl"/></property>
        <property name="proxyInterfaces">
            <value>jp.hitachisoft.jfk.online.common.db.dao.ShouhinUpdatedSeqBaseDao</value>
        </property>
        <property name="interceptorNames">
            <list>
                <value>businessCommonInterceptor</value>
            </list>
        </property>
    </bean>
     <bean id="TicketIssueIdSeqBaseDaoImpl"
        class="jp.hitachisoft.jfk.online.common.db.dao.TicketIssueIdSeqBaseDaoImpl" >
        <property name="dataSource">
            <ref bean="dataSource"/>
        </property>
        <property name="sqlMapClient">
            <ref bean="sqlMapBaseClient"/>
        </property>
    </bean>
    <bean id="TicketIssueIdSeqBaseDao" class="org.springframework.aop.framework.ProxyFactoryBean">
        <property name="target"><ref bean="TicketIssueIdSeqBaseDaoImpl"/></property>
        <property name="proxyInterfaces">
            <value>jp.hitachisoft.jfk.online.common.db.dao.TicketIssueIdSeqBaseDao</value>
        </property>
        <property name="interceptorNames">
            <list>
                <value>businessCommonInterceptor</value>
            </list>
        </property>
    </bean>
     <bean id="TicketErrorIdSeqBaseDaoImpl"
        class="jp.hitachisoft.jfk.online.common.db.dao.TicketErrorIdSeqBaseDaoImpl" >
        <property name="dataSource">
            <ref bean="dataSource"/>
        </property>
        <property name="sqlMapClient">
            <ref bean="sqlMapBaseClient"/>
        </property>
    </bean>
    <bean id="TicketErrorIdSeqBaseDao" class="org.springframework.aop.framework.ProxyFactoryBean">
        <property name="target"><ref bean="TicketErrorIdSeqBaseDaoImpl"/></property>
        <property name="proxyInterfaces">
            <value>jp.hitachisoft.jfk.online.common.db.dao.TicketErrorIdSeqBaseDao</value>
        </property>
        <property name="interceptorNames">
            <list>
                <value>businessCommonInterceptor</value>
            </list>
        </property>
    </bean>
     <bean id="ShouhinCodeSeqBaseDaoImpl"
        class="jp.hitachisoft.jfk.online.common.db.dao.ShouhinCodeSeqBaseDaoImpl" >
        <property name="dataSource">
            <ref bean="dataSource"/>
        </property>
        <property name="sqlMapClient">
            <ref bean="sqlMapBaseClient"/>
        </property>
    </bean>
    <bean id="ShouhinCodeSeqBaseDao" class="org.springframework.aop.framework.ProxyFactoryBean">
        <property name="target"><ref bean="ShouhinCodeSeqBaseDaoImpl"/></property>
        <property name="proxyInterfaces">
            <value>jp.hitachisoft.jfk.online.common.db.dao.ShouhinCodeSeqBaseDao</value>
        </property>
        <property name="interceptorNames">
            <list>
                <value>businessCommonInterceptor</value>
            </list>
        </property>
    </bean>
     <bean id="ExcuteSeqBaseDaoImpl"
        class="jp.hitachisoft.jfk.online.common.db.dao.ExcuteSeqBaseDaoImpl" >
        <property name="dataSource">
            <ref bean="dataSource"/>
        </property>
        <property name="sqlMapClient">
            <ref bean="sqlMapBaseClient"/>
        </property>
    </bean>
    <bean id="ExcuteSeqBaseDao" class="org.springframework.aop.framework.ProxyFactoryBean">
        <property name="target"><ref bean="ExcuteSeqBaseDaoImpl"/></property>
        <property name="proxyInterfaces">
            <value>jp.hitachisoft.jfk.online.common.db.dao.ExcuteSeqBaseDao</value>
        </property>
        <property name="interceptorNames">
            <list>
                <value>businessCommonInterceptor</value>
            </list>
        </property>
    </bean>
     <bean id="CrmTranNoExcSeqBaseDaoImpl"
        class="jp.hitachisoft.jfk.online.common.db.dao.CrmTranNoExcSeqBaseDaoImpl" >
        <property name="dataSource">
            <ref bean="dataSource"/>
        </property>
        <property name="sqlMapClient">
            <ref bean="sqlMapBaseClient"/>
        </property>
    </bean>
    <bean id="CrmTranNoExcSeqBaseDao" class="org.springframework.aop.framework.ProxyFactoryBean">
        <property name="target"><ref bean="CrmTranNoExcSeqBaseDaoImpl"/></property>
        <property name="proxyInterfaces">
            <value>jp.hitachisoft.jfk.online.common.db.dao.CrmTranNoExcSeqBaseDao</value>
        </property>
        <property name="interceptorNames">
            <list>
                <value>businessCommonInterceptor</value>
            </list>
        </property>
    </bean>
     <bean id="BarcodeSeqBaseDaoImpl"
        class="jp.hitachisoft.jfk.online.common.db.dao.BarcodeSeqBaseDaoImpl" >
        <property name="dataSource">
            <ref bean="dataSource"/>
        </property>
        <property name="sqlMapClient">
            <ref bean="sqlMapBaseClient"/>
        </property>
    </bean>
    <bean id="BarcodeSeqBaseDao" class="org.springframework.aop.framework.ProxyFactoryBean">
        <property name="target"><ref bean="BarcodeSeqBaseDaoImpl"/></property>
        <property name="proxyInterfaces">
            <value>jp.hitachisoft.jfk.online.common.db.dao.BarcodeSeqBaseDao</value>
        </property>
        <property name="interceptorNames">
            <list>
                <value>businessCommonInterceptor</value>
            </list>
        </property>
    </bean>
     <bean id="UriageNoSeqBaseDaoImpl"
        class="jp.hitachisoft.jfk.online.common.db.dao.UriageNoSeqBaseDaoImpl" >
        <property name="dataSource">
            <ref bean="dataSource"/>
        </property>
        <property name="sqlMapClient">
            <ref bean="sqlMapBaseClient"/>
        </property>
    </bean>
    <bean id="UriageNoSeqBaseDao" class="org.springframework.aop.framework.ProxyFactoryBean">
        <property name="target"><ref bean="UriageNoSeqBaseDaoImpl"/></property>
        <property name="proxyInterfaces">
            <value>jp.hitachisoft.jfk.online.common.db.dao.UriageNoSeqBaseDao</value>
        </property>
        <property name="interceptorNames">
            <list>
                <value>businessCommonInterceptor</value>
            </list>
        </property>
    </bean>
     <bean id="KariUriageNoSeqBaseDaoImpl"
        class="jp.hitachisoft.jfk.online.common.db.dao.KariUriageNoSeqBaseDaoImpl" >
        <property name="dataSource">
            <ref bean="dataSource"/>
        </property>
        <property name="sqlMapClient">
            <ref bean="sqlMapBaseClient"/>
        </property>
    </bean>
    <bean id="KariUriageNoSeqBaseDao" class="org.springframework.aop.framework.ProxyFactoryBean">
        <property name="target"><ref bean="KariUriageNoSeqBaseDaoImpl"/></property>
        <property name="proxyInterfaces">
            <value>jp.hitachisoft.jfk.online.common.db.dao.KariUriageNoSeqBaseDao</value>
        </property>
        <property name="interceptorNames">
            <list>
                <value>businessCommonInterceptor</value>
            </list>
        </property>
    </bean>
     <bean id="IkkatuPtYoyakuSeqBaseDaoImpl"
        class="jp.hitachisoft.jfk.online.common.db.dao.IkkatuPtYoyakuSeqBaseDaoImpl" >
        <property name="dataSource">
            <ref bean="dataSource"/>
        </property>
        <property name="sqlMapClient">
            <ref bean="sqlMapBaseClient"/>
        </property>
    </bean>
    <bean id="IkkatuPtYoyakuSeqBaseDao" class="org.springframework.aop.framework.ProxyFactoryBean">
        <property name="target"><ref bean="IkkatuPtYoyakuSeqBaseDaoImpl"/></property>
        <property name="proxyInterfaces">
            <value>jp.hitachisoft.jfk.online.common.db.dao.IkkatuPtYoyakuSeqBaseDao</value>
        </property>
        <property name="interceptorNames">
            <list>
                <value>businessCommonInterceptor</value>
            </list>
        </property>
    </bean>
     <bean id="IkkatuPtKikanYoyakuSeqBaseDaoImpl"
        class="jp.hitachisoft.jfk.online.common.db.dao.IkkatuPtKikanYoyakuSeqBaseDaoImpl" >
        <property name="dataSource">
            <ref bean="dataSource"/>
        </property>
        <property name="sqlMapClient">
            <ref bean="sqlMapBaseClient"/>
        </property>
    </bean>
    <bean id="IkkatuPtKikanYoyakuSeqBaseDao" class="org.springframework.aop.framework.ProxyFactoryBean">
        <property name="target"><ref bean="IkkatuPtKikanYoyakuSeqBaseDaoImpl"/></property>
        <property name="proxyInterfaces">
            <value>jp.hitachisoft.jfk.online.common.db.dao.IkkatuPtKikanYoyakuSeqBaseDao</value>
        </property>
        <property name="interceptorNames">
            <list>
                <value>businessCommonInterceptor</value>
            </list>
        </property>
    </bean>
     <bean id="FuseiTorihikiSeqBaseDaoImpl"
        class="jp.hitachisoft.jfk.online.common.db.dao.FuseiTorihikiSeqBaseDaoImpl" >
        <property name="dataSource">
            <ref bean="dataSource"/>
        </property>
        <property name="sqlMapClient">
            <ref bean="sqlMapBaseClient"/>
        </property>
    </bean>
    <bean id="FuseiTorihikiSeqBaseDao" class="org.springframework.aop.framework.ProxyFactoryBean">
        <property name="target"><ref bean="FuseiTorihikiSeqBaseDaoImpl"/></property>
        <property name="proxyInterfaces">
            <value>jp.hitachisoft.jfk.online.common.db.dao.FuseiTorihikiSeqBaseDao</value>
        </property>
        <property name="interceptorNames">
            <list>
                <value>businessCommonInterceptor</value>
            </list>
        </property>
    </bean>
     <bean id="KaiageTujoIncentiveMSeqBaseDaoImpl"
        class="jp.hitachisoft.jfk.online.common.db.dao.KaiageTujoIncentiveMSeqBaseDaoImpl" >
        <property name="dataSource">
            <ref bean="dataSource"/>
        </property>
        <property name="sqlMapClient">
            <ref bean="sqlMapBaseClient"/>
        </property>
    </bean>
    <bean id="KaiageTujoIncentiveMSeqBaseDao" class="org.springframework.aop.framework.ProxyFactoryBean">
        <property name="target"><ref bean="KaiageTujoIncentiveMSeqBaseDaoImpl"/></property>
        <property name="proxyInterfaces">
            <value>jp.hitachisoft.jfk.online.common.db.dao.KaiageTujoIncentiveMSeqBaseDao</value>
        </property>
        <property name="interceptorNames">
            <list>
                <value>businessCommonInterceptor</value>
            </list>
        </property>
    </bean>
     <bean id="PointHendouErrorNoSeqBaseDaoImpl"
        class="jp.hitachisoft.jfk.online.common.db.dao.PointHendouErrorNoSeqBaseDaoImpl" >
        <property name="dataSource">
            <ref bean="dataSource"/>
        </property>
        <property name="sqlMapClient">
            <ref bean="sqlMapBaseClient"/>
        </property>
    </bean>
    <bean id="PointHendouErrorNoSeqBaseDao" class="org.springframework.aop.framework.ProxyFactoryBean">
        <property name="target"><ref bean="PointHendouErrorNoSeqBaseDaoImpl"/></property>
        <property name="proxyInterfaces">
            <value>jp.hitachisoft.jfk.online.common.db.dao.PointHendouErrorNoSeqBaseDao</value>
        </property>
        <property name="interceptorNames">
            <list>
                <value>businessCommonInterceptor</value>
            </list>
        </property>
    </bean>
     <bean id="InfoxTanmatuSaibanwakuSeqBaseDaoImpl"
        class="jp.hitachisoft.jfk.online.common.db.dao.InfoxTanmatuSaibanwakuSeqBaseDaoImpl" >
        <property name="dataSource">
            <ref bean="dataSource"/>
        </property>
        <property name="sqlMapClient">
            <ref bean="sqlMapBaseClient"/>
        </property>
    </bean>
    <bean id="InfoxTanmatuSaibanwakuSeqBaseDao" class="org.springframework.aop.framework.ProxyFactoryBean">
        <property name="target"><ref bean="InfoxTanmatuSaibanwakuSeqBaseDaoImpl"/></property>
        <property name="proxyInterfaces">
            <value>jp.hitachisoft.jfk.online.common.db.dao.InfoxTanmatuSaibanwakuSeqBaseDao</value>
        </property>
        <property name="interceptorNames">
            <list>
                <value>businessCommonInterceptor</value>
            </list>
        </property>
    </bean>
     <bean id="ReceiptDefaultMessageSeqBaseDaoImpl"
        class="jp.hitachisoft.jfk.online.common.db.dao.ReceiptDefaultMessageSeqBaseDaoImpl" >
        <property name="dataSource">
            <ref bean="dataSource"/>
        </property>
        <property name="sqlMapClient">
            <ref bean="sqlMapBaseClient"/>
        </property>
    </bean>
    <bean id="ReceiptDefaultMessageSeqBaseDao" class="org.springframework.aop.framework.ProxyFactoryBean">
        <property name="target"><ref bean="ReceiptDefaultMessageSeqBaseDaoImpl"/></property>
        <property name="proxyInterfaces">
            <value>jp.hitachisoft.jfk.online.common.db.dao.ReceiptDefaultMessageSeqBaseDao</value>
        </property>
        <property name="interceptorNames">
            <list>
                <value>businessCommonInterceptor</value>
            </list>
        </property>
    </bean>
     <bean id="SoshikiRirekiTubanSeqBaseDaoImpl"
        class="jp.hitachisoft.jfk.online.common.db.dao.SoshikiRirekiTubanSeqBaseDaoImpl" >
        <property name="dataSource">
            <ref bean="dataSource"/>
        </property>
        <property name="sqlMapClient">
            <ref bean="sqlMapBaseClient"/>
        </property>
    </bean>
    <bean id="SoshikiRirekiTubanSeqBaseDao" class="org.springframework.aop.framework.ProxyFactoryBean">
        <property name="target"><ref bean="SoshikiRirekiTubanSeqBaseDaoImpl"/></property>
        <property name="proxyInterfaces">
            <value>jp.hitachisoft.jfk.online.common.db.dao.SoshikiRirekiTubanSeqBaseDao</value>
        </property>
        <property name="interceptorNames">
            <list>
                <value>businessCommonInterceptor</value>
            </list>
        </property>
    </bean>
     <bean id="InfoxRirekiTubanSeqBaseDaoImpl"
        class="jp.hitachisoft.jfk.online.common.db.dao.InfoxRirekiTubanSeqBaseDaoImpl" >
        <property name="dataSource">
            <ref bean="dataSource"/>
        </property>
        <property name="sqlMapClient">
            <ref bean="sqlMapBaseClient"/>
        </property>
    </bean>
    <bean id="InfoxRirekiTubanSeqBaseDao" class="org.springframework.aop.framework.ProxyFactoryBean">
        <property name="target"><ref bean="InfoxRirekiTubanSeqBaseDaoImpl"/></property>
        <property name="proxyInterfaces">
            <value>jp.hitachisoft.jfk.online.common.db.dao.InfoxRirekiTubanSeqBaseDao</value>
        </property>
        <property name="interceptorNames">
            <list>
                <value>businessCommonInterceptor</value>
            </list>
        </property>
    </bean>
     <bean id="FileUploadRirekiSeqBaseDaoImpl"
        class="jp.hitachisoft.jfk.online.common.db.dao.FileUploadRirekiSeqBaseDaoImpl" >
        <property name="dataSource">
            <ref bean="dataSource"/>
        </property>
        <property name="sqlMapClient">
            <ref bean="sqlMapBaseClient"/>
        </property>
    </bean>
    <bean id="FileUploadRirekiSeqBaseDao" class="org.springframework.aop.framework.ProxyFactoryBean">
        <property name="target"><ref bean="FileUploadRirekiSeqBaseDaoImpl"/></property>
        <property name="proxyInterfaces">
            <value>jp.hitachisoft.jfk.online.common.db.dao.FileUploadRirekiSeqBaseDao</value>
        </property>
        <property name="interceptorNames">
            <list>
                <value>businessCommonInterceptor</value>
            </list>
        </property>
    </bean>
     <bean id="MeCampaignIdSeqBaseDaoImpl"
        class="jp.hitachisoft.jfk.online.common.db.dao.MeCampaignIdSeqBaseDaoImpl" >
        <property name="dataSource">
            <ref bean="dataSource"/>
        </property>
        <property name="sqlMapClient">
            <ref bean="sqlMapBaseClient"/>
        </property>
    </bean>
    <bean id="MeCampaignIdSeqBaseDao" class="org.springframework.aop.framework.ProxyFactoryBean">
        <property name="target"><ref bean="MeCampaignIdSeqBaseDaoImpl"/></property>
        <property name="proxyInterfaces">
            <value>jp.hitachisoft.jfk.online.common.db.dao.MeCampaignIdSeqBaseDao</value>
        </property>
        <property name="interceptorNames">
            <list>
                <value>businessCommonInterceptor</value>
            </list>
        </property>
    </bean>
     <bean id="UsCampaignIdSeqBaseDaoImpl"
        class="jp.hitachisoft.jfk.online.common.db.dao.UsCampaignIdSeqBaseDaoImpl" >
        <property name="dataSource">
            <ref bean="dataSource"/>
        </property>
        <property name="sqlMapClient">
            <ref bean="sqlMapBaseClient"/>
        </property>
    </bean>
    <bean id="UsCampaignIdSeqBaseDao" class="org.springframework.aop.framework.ProxyFactoryBean">
        <property name="target"><ref bean="UsCampaignIdSeqBaseDaoImpl"/></property>
        <property name="proxyInterfaces">
            <value>jp.hitachisoft.jfk.online.common.db.dao.UsCampaignIdSeqBaseDao</value>
        </property>
        <property name="interceptorNames">
            <list>
                <value>businessCommonInterceptor</value>
            </list>
        </property>
    </bean>
     <bean id="KikakuCodeSeqBaseDaoImpl"
        class="jp.hitachisoft.jfk.online.common.db.dao.KikakuCodeSeqBaseDaoImpl" >
        <property name="dataSource">
            <ref bean="dataSource"/>
        </property>
        <property name="sqlMapClient">
            <ref bean="sqlMapBaseClient"/>
        </property>
    </bean>
    <bean id="KikakuCodeSeqBaseDao" class="org.springframework.aop.framework.ProxyFactoryBean">
        <property name="target"><ref bean="KikakuCodeSeqBaseDaoImpl"/></property>
        <property name="proxyInterfaces">
            <value>jp.hitachisoft.jfk.online.common.db.dao.KikakuCodeSeqBaseDao</value>
        </property>
        <property name="interceptorNames">
            <list>
                <value>businessCommonInterceptor</value>
            </list>
        </property>
    </bean>
     <bean id="QuestionIdSeqBaseDaoImpl"
        class="jp.hitachisoft.jfk.online.common.db.dao.QuestionIdSeqBaseDaoImpl" >
        <property name="dataSource">
            <ref bean="dataSource"/>
        </property>
        <property name="sqlMapClient">
            <ref bean="sqlMapBaseClient"/>
        </property>
    </bean>
    <bean id="QuestionIdSeqBaseDao" class="org.springframework.aop.framework.ProxyFactoryBean">
        <property name="target"><ref bean="QuestionIdSeqBaseDaoImpl"/></property>
        <property name="proxyInterfaces">
            <value>jp.hitachisoft.jfk.online.common.db.dao.QuestionIdSeqBaseDao</value>
        </property>
        <property name="interceptorNames">
            <list>
                <value>businessCommonInterceptor</value>
            </list>
        </property>
    </bean>
     <bean id="HutatsuJohoIdSeqBaseDaoImpl"
        class="jp.hitachisoft.jfk.online.common.db.dao.HutatsuJohoIdSeqBaseDaoImpl" >
        <property name="dataSource">
            <ref bean="dataSource"/>
        </property>
        <property name="sqlMapClient">
            <ref bean="sqlMapBaseClient"/>
        </property>
    </bean>
    <bean id="HutatsuJohoIdSeqBaseDao" class="org.springframework.aop.framework.ProxyFactoryBean">
        <property name="target"><ref bean="HutatsuJohoIdSeqBaseDaoImpl"/></property>
        <property name="proxyInterfaces">
            <value>jp.hitachisoft.jfk.online.common.db.dao.HutatsuJohoIdSeqBaseDao</value>
        </property>
        <property name="interceptorNames">
            <list>
                <value>businessCommonInterceptor</value>
            </list>
        </property>
    </bean>
     <bean id="PushIdSeqBaseDaoImpl"
        class="jp.hitachisoft.jfk.online.common.db.dao.PushIdSeqBaseDaoImpl" >
        <property name="dataSource">
            <ref bean="dataSource"/>
        </property>
        <property name="sqlMapClient">
            <ref bean="sqlMapBaseClient"/>
        </property>
    </bean>
    <bean id="PushIdSeqBaseDao" class="org.springframework.aop.framework.ProxyFactoryBean">
        <property name="target"><ref bean="PushIdSeqBaseDaoImpl"/></property>
        <property name="proxyInterfaces">
            <value>jp.hitachisoft.jfk.online.common.db.dao.PushIdSeqBaseDao</value>
        </property>
        <property name="interceptorNames">
            <list>
                <value>businessCommonInterceptor</value>
            </list>
        </property>
    </bean>
     <bean id="KaiinlistIdSeqBaseDaoImpl"
        class="jp.hitachisoft.jfk.online.common.db.dao.KaiinlistIdSeqBaseDaoImpl" >
        <property name="dataSource">
            <ref bean="dataSource"/>
        </property>
        <property name="sqlMapClient">
            <ref bean="sqlMapBaseClient"/>
        </property>
    </bean>
    <bean id="KaiinlistIdSeqBaseDao" class="org.springframework.aop.framework.ProxyFactoryBean">
        <property name="target"><ref bean="KaiinlistIdSeqBaseDaoImpl"/></property>
        <property name="proxyInterfaces">
            <value>jp.hitachisoft.jfk.online.common.db.dao.KaiinlistIdSeqBaseDao</value>
        </property>
        <property name="interceptorNames">
            <list>
                <value>businessCommonInterceptor</value>
            </list>
        </property>
    </bean>
     <bean id="ToiawaseClaimsNoSeqBaseDaoImpl"
        class="jp.hitachisoft.jfk.online.common.db.dao.ToiawaseClaimsNoSeqBaseDaoImpl" >
        <property name="dataSource">
            <ref bean="dataSource"/>
        </property>
        <property name="sqlMapClient">
            <ref bean="sqlMapBaseClient"/>
        </property>
    </bean>
    <bean id="ToiawaseClaimsNoSeqBaseDao" class="org.springframework.aop.framework.ProxyFactoryBean">
        <property name="target"><ref bean="ToiawaseClaimsNoSeqBaseDaoImpl"/></property>
        <property name="proxyInterfaces">
            <value>jp.hitachisoft.jfk.online.common.db.dao.ToiawaseClaimsNoSeqBaseDao</value>
        </property>
        <property name="interceptorNames">
            <list>
                <value>businessCommonInterceptor</value>
            </list>
        </property>
    </bean>
     <bean id="ToiawaseClaimsReceiptNoSeqBaseDaoImpl"
        class="jp.hitachisoft.jfk.online.common.db.dao.ToiawaseClaimsReceiptNoSeqBaseDaoImpl" >
        <property name="dataSource">
            <ref bean="dataSource"/>
        </property>
        <property name="sqlMapClient">
            <ref bean="sqlMapBaseClient"/>
        </property>
    </bean>
    <bean id="ToiawaseClaimsReceiptNoSeqBaseDao" class="org.springframework.aop.framework.ProxyFactoryBean">
        <property name="target"><ref bean="ToiawaseClaimsReceiptNoSeqBaseDaoImpl"/></property>
        <property name="proxyInterfaces">
            <value>jp.hitachisoft.jfk.online.common.db.dao.ToiawaseClaimsReceiptNoSeqBaseDao</value>
        </property>
        <property name="interceptorNames">
            <list>
                <value>businessCommonInterceptor</value>
            </list>
        </property>
    </bean>
     <bean id="KaiinKensakuRirekiSeqBaseDaoImpl"
        class="jp.hitachisoft.jfk.online.common.db.dao.KaiinKensakuRirekiSeqBaseDaoImpl" >
        <property name="dataSource">
            <ref bean="dataSource"/>
        </property>
        <property name="sqlMapClient">
            <ref bean="sqlMapBaseClient"/>
        </property>
    </bean>
    <bean id="KaiinKensakuRirekiSeqBaseDao" class="org.springframework.aop.framework.ProxyFactoryBean">
        <property name="target"><ref bean="KaiinKensakuRirekiSeqBaseDaoImpl"/></property>
        <property name="proxyInterfaces">
            <value>jp.hitachisoft.jfk.online.common.db.dao.KaiinKensakuRirekiSeqBaseDao</value>
        </property>
        <property name="interceptorNames">
            <list>
                <value>businessCommonInterceptor</value>
            </list>
        </property>
    </bean>
     <bean id="KaiinHendouRirekiSeqBaseDaoImpl"
        class="jp.hitachisoft.jfk.online.common.db.dao.KaiinHendouRirekiSeqBaseDaoImpl" >
        <property name="dataSource">
            <ref bean="dataSource"/>
        </property>
        <property name="sqlMapClient">
            <ref bean="sqlMapBaseClient"/>
        </property>
    </bean>
    <bean id="KaiinHendouRirekiSeqBaseDao" class="org.springframework.aop.framework.ProxyFactoryBean">
        <property name="target"><ref bean="KaiinHendouRirekiSeqBaseDaoImpl"/></property>
        <property name="proxyInterfaces">
            <value>jp.hitachisoft.jfk.online.common.db.dao.KaiinHendouRirekiSeqBaseDao</value>
        </property>
        <property name="interceptorNames">
            <list>
                <value>businessCommonInterceptor</value>
            </list>
        </property>
    </bean>
     <bean id="CardHendouRirekiSeqBaseDaoImpl"
        class="jp.hitachisoft.jfk.online.common.db.dao.CardHendouRirekiSeqBaseDaoImpl" >
        <property name="dataSource">
            <ref bean="dataSource"/>
        </property>
        <property name="sqlMapClient">
            <ref bean="sqlMapBaseClient"/>
        </property>
    </bean>
    <bean id="CardHendouRirekiSeqBaseDao" class="org.springframework.aop.framework.ProxyFactoryBean">
        <property name="target"><ref bean="CardHendouRirekiSeqBaseDaoImpl"/></property>
        <property name="proxyInterfaces">
            <value>jp.hitachisoft.jfk.online.common.db.dao.CardHendouRirekiSeqBaseDao</value>
        </property>
        <property name="interceptorNames">
            <list>
                <value>businessCommonInterceptor</value>
            </list>
        </property>
    </bean>
     <bean id="SmilelinkRirekiSeqBaseDaoImpl"
        class="jp.hitachisoft.jfk.online.common.db.dao.SmilelinkRirekiSeqBaseDaoImpl" >
        <property name="dataSource">
            <ref bean="dataSource"/>
        </property>
        <property name="sqlMapClient">
            <ref bean="sqlMapBaseClient"/>
        </property>
    </bean>
    <bean id="SmilelinkRirekiSeqBaseDao" class="org.springframework.aop.framework.ProxyFactoryBean">
        <property name="target"><ref bean="SmilelinkRirekiSeqBaseDaoImpl"/></property>
        <property name="proxyInterfaces">
            <value>jp.hitachisoft.jfk.online.common.db.dao.SmilelinkRirekiSeqBaseDao</value>
        </property>
        <property name="interceptorNames">
            <list>
                <value>businessCommonInterceptor</value>
            </list>
        </property>
    </bean>
     <bean id="KaiinNoInitIssueSeqBaseDaoImpl"
        class="jp.hitachisoft.jfk.online.common.db.dao.KaiinNoInitIssueSeqBaseDaoImpl" >
        <property name="dataSource">
            <ref bean="dataSource"/>
        </property>
        <property name="sqlMapClient">
            <ref bean="sqlMapBaseClient"/>
        </property>
    </bean>
    <bean id="KaiinNoInitIssueSeqBaseDao" class="org.springframework.aop.framework.ProxyFactoryBean">
        <property name="target"><ref bean="KaiinNoInitIssueSeqBaseDaoImpl"/></property>
        <property name="proxyInterfaces">
            <value>jp.hitachisoft.jfk.online.common.db.dao.KaiinNoInitIssueSeqBaseDao</value>
        </property>
        <property name="interceptorNames">
            <list>
                <value>businessCommonInterceptor</value>
            </list>
        </property>
    </bean>
     <bean id="IssueCardApplSeqBaseDaoImpl"
        class="jp.hitachisoft.jfk.online.common.db.dao.IssueCardApplSeqBaseDaoImpl" >
        <property name="dataSource">
            <ref bean="dataSource"/>
        </property>
        <property name="sqlMapClient">
            <ref bean="sqlMapBaseClient"/>
        </property>
    </bean>
    <bean id="IssueCardApplSeqBaseDao" class="org.springframework.aop.framework.ProxyFactoryBean">
        <property name="target"><ref bean="IssueCardApplSeqBaseDaoImpl"/></property>
        <property name="proxyInterfaces">
            <value>jp.hitachisoft.jfk.online.common.db.dao.IssueCardApplSeqBaseDao</value>
        </property>
        <property name="interceptorNames">
            <list>
                <value>businessCommonInterceptor</value>
            </list>
        </property>
    </bean>
     <bean id="KaiinSecOrgRirekiSeqBaseDaoImpl"
        class="jp.hitachisoft.jfk.online.common.db.dao.KaiinSecOrgRirekiSeqBaseDaoImpl" >
        <property name="dataSource">
            <ref bean="dataSource"/>
        </property>
        <property name="sqlMapClient">
            <ref bean="sqlMapBaseClient"/>
        </property>
    </bean>
    <bean id="KaiinSecOrgRirekiSeqBaseDao" class="org.springframework.aop.framework.ProxyFactoryBean">
        <property name="target"><ref bean="KaiinSecOrgRirekiSeqBaseDaoImpl"/></property>
        <property name="proxyInterfaces">
            <value>jp.hitachisoft.jfk.online.common.db.dao.KaiinSecOrgRirekiSeqBaseDao</value>
        </property>
        <property name="interceptorNames">
            <list>
                <value>businessCommonInterceptor</value>
            </list>
        </property>
    </bean>
     <bean id="SpRankRirekiSeqBaseDaoImpl"
        class="jp.hitachisoft.jfk.online.common.db.dao.SpRankRirekiSeqBaseDaoImpl" >
        <property name="dataSource">
            <ref bean="dataSource"/>
        </property>
        <property name="sqlMapClient">
            <ref bean="sqlMapBaseClient"/>
        </property>
    </bean>
    <bean id="SpRankRirekiSeqBaseDao" class="org.springframework.aop.framework.ProxyFactoryBean">
        <property name="target"><ref bean="SpRankRirekiSeqBaseDaoImpl"/></property>
        <property name="proxyInterfaces">
            <value>jp.hitachisoft.jfk.online.common.db.dao.SpRankRirekiSeqBaseDao</value>
        </property>
        <property name="interceptorNames">
            <list>
                <value>businessCommonInterceptor</value>
            </list>
        </property>
    </bean>
     <bean id="KaiinFavoriteRirekiSeqBaseDaoImpl"
        class="jp.hitachisoft.jfk.online.common.db.dao.KaiinFavoriteRirekiSeqBaseDaoImpl" >
        <property name="dataSource">
            <ref bean="dataSource"/>
        </property>
        <property name="sqlMapClient">
            <ref bean="sqlMapBaseClient"/>
        </property>
    </bean>
    <bean id="KaiinFavoriteRirekiSeqBaseDao" class="org.springframework.aop.framework.ProxyFactoryBean">
        <property name="target"><ref bean="KaiinFavoriteRirekiSeqBaseDaoImpl"/></property>
        <property name="proxyInterfaces">
            <value>jp.hitachisoft.jfk.online.common.db.dao.KaiinFavoriteRirekiSeqBaseDao</value>
        </property>
        <property name="interceptorNames">
            <list>
                <value>businessCommonInterceptor</value>
            </list>
        </property>
    </bean>
     <bean id="KaiinTougouRirekiSeqBaseDaoImpl"
        class="jp.hitachisoft.jfk.online.common.db.dao.KaiinTougouRirekiSeqBaseDaoImpl" >
        <property name="dataSource">
            <ref bean="dataSource"/>
        </property>
        <property name="sqlMapClient">
            <ref bean="sqlMapBaseClient"/>
        </property>
    </bean>
    <bean id="KaiinTougouRirekiSeqBaseDao" class="org.springframework.aop.framework.ProxyFactoryBean">
        <property name="target"><ref bean="KaiinTougouRirekiSeqBaseDaoImpl"/></property>
        <property name="proxyInterfaces">
            <value>jp.hitachisoft.jfk.online.common.db.dao.KaiinTougouRirekiSeqBaseDao</value>
        </property>
        <property name="interceptorNames">
            <list>
                <value>businessCommonInterceptor</value>
            </list>
        </property>
    </bean>
     <bean id="KaiinErrRirekiSeqBaseDaoImpl"
        class="jp.hitachisoft.jfk.online.common.db.dao.KaiinErrRirekiSeqBaseDaoImpl" >
        <property name="dataSource">
            <ref bean="dataSource"/>
        </property>
        <property name="sqlMapClient">
            <ref bean="sqlMapBaseClient"/>
        </property>
    </bean>
    <bean id="KaiinErrRirekiSeqBaseDao" class="org.springframework.aop.framework.ProxyFactoryBean">
        <property name="target"><ref bean="KaiinErrRirekiSeqBaseDaoImpl"/></property>
        <property name="proxyInterfaces">
            <value>jp.hitachisoft.jfk.online.common.db.dao.KaiinErrRirekiSeqBaseDao</value>
        </property>
        <property name="interceptorNames">
            <list>
                <value>businessCommonInterceptor</value>
            </list>
        </property>
    </bean>
     <bean id="ShouhinUketukeNoSeqBaseDaoImpl"
        class="jp.hitachisoft.jfk.online.common.db.dao.ShouhinUketukeNoSeqBaseDaoImpl" >
        <property name="dataSource">
            <ref bean="dataSource"/>
        </property>
        <property name="sqlMapClient">
            <ref bean="sqlMapBaseClient"/>
        </property>
    </bean>
    <bean id="ShouhinUketukeNoSeqBaseDao" class="org.springframework.aop.framework.ProxyFactoryBean">
        <property name="target"><ref bean="ShouhinUketukeNoSeqBaseDaoImpl"/></property>
        <property name="proxyInterfaces">
            <value>jp.hitachisoft.jfk.online.common.db.dao.ShouhinUketukeNoSeqBaseDao</value>
        </property>
        <property name="interceptorNames">
            <list>
                <value>businessCommonInterceptor</value>
            </list>
        </property>
    </bean>
     <bean id="ShouhinUpdatedSeqBaseDaoImpl"
        class="jp.hitachisoft.jfk.online.common.db.dao.ShouhinUpdatedSeqBaseDaoImpl" >
        <property name="dataSource">
            <ref bean="dataSource"/>
        </property>
        <property name="sqlMapClient">
            <ref bean="sqlMapBaseClient"/>
        </property>
    </bean>
    <bean id="ShouhinUpdatedSeqBaseDao" class="org.springframework.aop.framework.ProxyFactoryBean">
        <property name="target"><ref bean="ShouhinUpdatedSeqBaseDaoImpl"/></property>
        <property name="proxyInterfaces">
            <value>jp.hitachisoft.jfk.online.common.db.dao.ShouhinUpdatedSeqBaseDao</value>
        </property>
        <property name="interceptorNames">
            <list>
                <value>businessCommonInterceptor</value>
            </list>
        </property>
    </bean>
     <bean id="TicketIssueIdSeqBaseDaoImpl"
        class="jp.hitachisoft.jfk.online.common.db.dao.TicketIssueIdSeqBaseDaoImpl" >
        <property name="dataSource">
            <ref bean="dataSource"/>
        </property>
        <property name="sqlMapClient">
            <ref bean="sqlMapBaseClient"/>
        </property>
    </bean>
    <bean id="TicketIssueIdSeqBaseDao" class="org.springframework.aop.framework.ProxyFactoryBean">
        <property name="target"><ref bean="TicketIssueIdSeqBaseDaoImpl"/></property>
        <property name="proxyInterfaces">
            <value>jp.hitachisoft.jfk.online.common.db.dao.TicketIssueIdSeqBaseDao</value>
        </property>
        <property name="interceptorNames">
            <list>
                <value>businessCommonInterceptor</value>
            </list>
        </property>
    </bean>
     <bean id="TicketErrorIdSeqBaseDaoImpl"
        class="jp.hitachisoft.jfk.online.common.db.dao.TicketErrorIdSeqBaseDaoImpl" >
        <property name="dataSource">
            <ref bean="dataSource"/>
        </property>
        <property name="sqlMapClient">
            <ref bean="sqlMapBaseClient"/>
        </property>
    </bean>
    <bean id="TicketErrorIdSeqBaseDao" class="org.springframework.aop.framework.ProxyFactoryBean">
        <property name="target"><ref bean="TicketErrorIdSeqBaseDaoImpl"/></property>
        <property name="proxyInterfaces">
            <value>jp.hitachisoft.jfk.online.common.db.dao.TicketErrorIdSeqBaseDao</value>
        </property>
        <property name="interceptorNames">
            <list>
                <value>businessCommonInterceptor</value>
            </list>
        </property>
    </bean>
     <bean id="ShouhinCodeSeqBaseDaoImpl"
        class="jp.hitachisoft.jfk.online.common.db.dao.ShouhinCodeSeqBaseDaoImpl" >
        <property name="dataSource">
            <ref bean="dataSource"/>
        </property>
        <property name="sqlMapClient">
            <ref bean="sqlMapBaseClient"/>
        </property>
    </bean>
    <bean id="ShouhinCodeSeqBaseDao" class="org.springframework.aop.framework.ProxyFactoryBean">
        <property name="target"><ref bean="ShouhinCodeSeqBaseDaoImpl"/></property>
        <property name="proxyInterfaces">
            <value>jp.hitachisoft.jfk.online.common.db.dao.ShouhinCodeSeqBaseDao</value>
        </property>
        <property name="interceptorNames">
            <list>
                <value>businessCommonInterceptor</value>
            </list>
        </property>
    </bean>
     <bean id="ExcuteSeqBaseDaoImpl"
        class="jp.hitachisoft.jfk.online.common.db.dao.ExcuteSeqBaseDaoImpl" >
        <property name="dataSource">
            <ref bean="dataSource"/>
        </property>
        <property name="sqlMapClient">
            <ref bean="sqlMapBaseClient"/>
        </property>
    </bean>
    <bean id="ExcuteSeqBaseDao" class="org.springframework.aop.framework.ProxyFactoryBean">
        <property name="target"><ref bean="ExcuteSeqBaseDaoImpl"/></property>
        <property name="proxyInterfaces">
            <value>jp.hitachisoft.jfk.online.common.db.dao.ExcuteSeqBaseDao</value>
        </property>
        <property name="interceptorNames">
            <list>
                <value>businessCommonInterceptor</value>
            </list>
        </property>
    </bean>
     <bean id="CrmTranNoExcSeqBaseDaoImpl"
        class="jp.hitachisoft.jfk.online.common.db.dao.CrmTranNoExcSeqBaseDaoImpl" >
        <property name="dataSource">
            <ref bean="dataSource"/>
        </property>
        <property name="sqlMapClient">
            <ref bean="sqlMapBaseClient"/>
        </property>
    </bean>
    <bean id="CrmTranNoExcSeqBaseDao" class="org.springframework.aop.framework.ProxyFactoryBean">
        <property name="target"><ref bean="CrmTranNoExcSeqBaseDaoImpl"/></property>
        <property name="proxyInterfaces">
            <value>jp.hitachisoft.jfk.online.common.db.dao.CrmTranNoExcSeqBaseDao</value>
        </property>
        <property name="interceptorNames">
            <list>
                <value>businessCommonInterceptor</value>
            </list>
        </property>
    </bean>
     <bean id="BarcodeSeqBaseDaoImpl"
        class="jp.hitachisoft.jfk.online.common.db.dao.BarcodeSeqBaseDaoImpl" >
        <property name="dataSource">
            <ref bean="dataSource"/>
        </property>
        <property name="sqlMapClient">
            <ref bean="sqlMapBaseClient"/>
        </property>
    </bean>
    <bean id="BarcodeSeqBaseDao" class="org.springframework.aop.framework.ProxyFactoryBean">
        <property name="target"><ref bean="BarcodeSeqBaseDaoImpl"/></property>
        <property name="proxyInterfaces">
            <value>jp.hitachisoft.jfk.online.common.db.dao.BarcodeSeqBaseDao</value>
        </property>
        <property name="interceptorNames">
            <list>
                <value>businessCommonInterceptor</value>
            </list>
        </property>
    </bean>
     <bean id="UriageNoSeqBaseDaoImpl"
        class="jp.hitachisoft.jfk.online.common.db.dao.UriageNoSeqBaseDaoImpl" >
        <property name="dataSource">
            <ref bean="dataSource"/>
        </property>
        <property name="sqlMapClient">
            <ref bean="sqlMapBaseClient"/>
        </property>
    </bean>
    <bean id="UriageNoSeqBaseDao" class="org.springframework.aop.framework.ProxyFactoryBean">
        <property name="target"><ref bean="UriageNoSeqBaseDaoImpl"/></property>
        <property name="proxyInterfaces">
            <value>jp.hitachisoft.jfk.online.common.db.dao.UriageNoSeqBaseDao</value>
        </property>
        <property name="interceptorNames">
            <list>
                <value>businessCommonInterceptor</value>
            </list>
        </property>
    </bean>
     <bean id="KariUriageNoSeqBaseDaoImpl"
        class="jp.hitachisoft.jfk.online.common.db.dao.KariUriageNoSeqBaseDaoImpl" >
        <property name="dataSource">
            <ref bean="dataSource"/>
        </property>
        <property name="sqlMapClient">
            <ref bean="sqlMapBaseClient"/>
        </property>
    </bean>
    <bean id="KariUriageNoSeqBaseDao" class="org.springframework.aop.framework.ProxyFactoryBean">
        <property name="target"><ref bean="KariUriageNoSeqBaseDaoImpl"/></property>
        <property name="proxyInterfaces">
            <value>jp.hitachisoft.jfk.online.common.db.dao.KariUriageNoSeqBaseDao</value>
        </property>
        <property name="interceptorNames">
            <list>
                <value>businessCommonInterceptor</value>
            </list>
        </property>
    </bean>
     <bean id="IkkatuPtYoyakuSeqBaseDaoImpl"
        class="jp.hitachisoft.jfk.online.common.db.dao.IkkatuPtYoyakuSeqBaseDaoImpl" >
        <property name="dataSource">
            <ref bean="dataSource"/>
        </property>
        <property name="sqlMapClient">
            <ref bean="sqlMapBaseClient"/>
        </property>
    </bean>
    <bean id="IkkatuPtYoyakuSeqBaseDao" class="org.springframework.aop.framework.ProxyFactoryBean">
        <property name="target"><ref bean="IkkatuPtYoyakuSeqBaseDaoImpl"/></property>
        <property name="proxyInterfaces">
            <value>jp.hitachisoft.jfk.online.common.db.dao.IkkatuPtYoyakuSeqBaseDao</value>
        </property>
        <property name="interceptorNames">
            <list>
                <value>businessCommonInterceptor</value>
            </list>
        </property>
    </bean>
     <bean id="IkkatuPtKikanYoyakuSeqBaseDaoImpl"
        class="jp.hitachisoft.jfk.online.common.db.dao.IkkatuPtKikanYoyakuSeqBaseDaoImpl" >
        <property name="dataSource">
            <ref bean="dataSource"/>
        </property>
        <property name="sqlMapClient">
            <ref bean="sqlMapBaseClient"/>
        </property>
    </bean>
    <bean id="IkkatuPtKikanYoyakuSeqBaseDao" class="org.springframework.aop.framework.ProxyFactoryBean">
        <property name="target"><ref bean="IkkatuPtKikanYoyakuSeqBaseDaoImpl"/></property>
        <property name="proxyInterfaces">
            <value>jp.hitachisoft.jfk.online.common.db.dao.IkkatuPtKikanYoyakuSeqBaseDao</value>
        </property>
        <property name="interceptorNames">
            <list>
                <value>businessCommonInterceptor</value>
            </list>
        </property>
    </bean>
     <bean id="FuseiTorihikiSeqBaseDaoImpl"
        class="jp.hitachisoft.jfk.online.common.db.dao.FuseiTorihikiSeqBaseDaoImpl" >
        <property name="dataSource">
            <ref bean="dataSource"/>
        </property>
        <property name="sqlMapClient">
            <ref bean="sqlMapBaseClient"/>
        </property>
    </bean>
    <bean id="FuseiTorihikiSeqBaseDao" class="org.springframework.aop.framework.ProxyFactoryBean">
        <property name="target"><ref bean="FuseiTorihikiSeqBaseDaoImpl"/></property>
        <property name="proxyInterfaces">
            <value>jp.hitachisoft.jfk.online.common.db.dao.FuseiTorihikiSeqBaseDao</value>
        </property>
        <property name="interceptorNames">
            <list>
                <value>businessCommonInterceptor</value>
            </list>
        </property>
    </bean>
     <bean id="KaiageTujoIncentiveMSeqBaseDaoImpl"
        class="jp.hitachisoft.jfk.online.common.db.dao.KaiageTujoIncentiveMSeqBaseDaoImpl" >
        <property name="dataSource">
            <ref bean="dataSource"/>
        </property>
        <property name="sqlMapClient">
            <ref bean="sqlMapBaseClient"/>
        </property>
    </bean>
    <bean id="KaiageTujoIncentiveMSeqBaseDao" class="org.springframework.aop.framework.ProxyFactoryBean">
        <property name="target"><ref bean="KaiageTujoIncentiveMSeqBaseDaoImpl"/></property>
        <property name="proxyInterfaces">
            <value>jp.hitachisoft.jfk.online.common.db.dao.KaiageTujoIncentiveMSeqBaseDao</value>
        </property>
        <property name="interceptorNames">
            <list>
                <value>businessCommonInterceptor</value>
            </list>
        </property>
    </bean>
     <bean id="PointHendouErrorNoSeqBaseDaoImpl"
        class="jp.hitachisoft.jfk.online.common.db.dao.PointHendouErrorNoSeqBaseDaoImpl" >
        <property name="dataSource">
            <ref bean="dataSource"/>
        </property>
        <property name="sqlMapClient">
            <ref bean="sqlMapBaseClient"/>
        </property>
    </bean>
    <bean id="PointHendouErrorNoSeqBaseDao" class="org.springframework.aop.framework.ProxyFactoryBean">
        <property name="target"><ref bean="PointHendouErrorNoSeqBaseDaoImpl"/></property>
        <property name="proxyInterfaces">
            <value>jp.hitachisoft.jfk.online.common.db.dao.PointHendouErrorNoSeqBaseDao</value>
        </property>
        <property name="interceptorNames">
            <list>
                <value>businessCommonInterceptor</value>
            </list>
        </property>
    </bean>
     <bean id="InfoxTanmatuSaibanwakuSeqBaseDaoImpl"
        class="jp.hitachisoft.jfk.online.common.db.dao.InfoxTanmatuSaibanwakuSeqBaseDaoImpl" >
        <property name="dataSource">
            <ref bean="dataSource"/>
        </property>
        <property name="sqlMapClient">
            <ref bean="sqlMapBaseClient"/>
        </property>
    </bean>
    <bean id="InfoxTanmatuSaibanwakuSeqBaseDao" class="org.springframework.aop.framework.ProxyFactoryBean">
        <property name="target"><ref bean="InfoxTanmatuSaibanwakuSeqBaseDaoImpl"/></property>
        <property name="proxyInterfaces">
            <value>jp.hitachisoft.jfk.online.common.db.dao.InfoxTanmatuSaibanwakuSeqBaseDao</value>
        </property>
        <property name="interceptorNames">
            <list>
                <value>businessCommonInterceptor</value>
            </list>
        </property>
    </bean>
