<sqlMap resource="jp/hitachisoft/jfk/batch/common/db/sqlmap/receipt_default_message_seq_BaseSqlMap.xml" />
<sqlMap resource="jp/hitachisoft/jfk/batch/common/db/sqlmap/soshiki_rireki_tuban_seq_BaseSqlMap.xml" />
<sqlMap resource="jp/hitachisoft/jfk/batch/common/db/sqlmap/infox_rireki_tuban_seq_BaseSqlMap.xml" />
<sqlMap resource="jp/hitachisoft/jfk/batch/common/db/sqlmap/file_upload_rireki_seq_BaseSqlMap.xml" />
<sqlMap resource="jp/hitachisoft/jfk/batch/common/db/sqlmap/me_campaign_id_seq_BaseSqlMap.xml" />
<sqlMap resource="jp/hitachisoft/jfk/batch/common/db/sqlmap/us_campaign_id_seq_BaseSqlMap.xml" />
<sqlMap resource="jp/hitachisoft/jfk/batch/common/db/sqlmap/kikaku_code_seq_BaseSqlMap.xml" />
<sqlMap resource="jp/hitachisoft/jfk/batch/common/db/sqlmap/question_id_seq_BaseSqlMap.xml" />
<sqlMap resource="jp/hitachisoft/jfk/batch/common/db/sqlmap/hutatsu_joho_id_seq_BaseSqlMap.xml" />
<sqlMap resource="jp/hitachisoft/jfk/batch/common/db/sqlmap/push_id_seq_BaseSqlMap.xml" />
<sqlMap resource="jp/hitachisoft/jfk/batch/common/db/sqlmap/kaiinlist_id_seq_BaseSqlMap.xml" />
<sqlMap resource="jp/hitachisoft/jfk/batch/common/db/sqlmap/toiawase_claims_no_seq_BaseSqlMap.xml" />
<sqlMap resource="jp/hitachisoft/jfk/batch/common/db/sqlmap/toiawase_claims_receipt_no_seq_BaseSqlMap.xml" />
<sqlMap resource="jp/hitachisoft/jfk/batch/common/db/sqlmap/kaiin_kensaku_rireki_seq_BaseSqlMap.xml" />
<sqlMap resource="jp/hitachisoft/jfk/batch/common/db/sqlmap/kaiin_hendou_rireki_seq_BaseSqlMap.xml" />
<sqlMap resource="jp/hitachisoft/jfk/batch/common/db/sqlmap/card_hendou_rireki_seq_BaseSqlMap.xml" />
<sqlMap resource="jp/hitachisoft/jfk/batch/common/db/sqlmap/smilelink_rireki_seq_BaseSqlMap.xml" />
<sqlMap resource="jp/hitachisoft/jfk/batch/common/db/sqlmap/kaiin_no_init_issue_seq_BaseSqlMap.xml" />
<sqlMap resource="jp/hitachisoft/jfk/batch/common/db/sqlmap/issue_card_appl_seq_BaseSqlMap.xml" />
<sqlMap resource="jp/hitachisoft/jfk/batch/common/db/sqlmap/kaiin_sec_org_rireki_seq_BaseSqlMap.xml" />
<sqlMap resource="jp/hitachisoft/jfk/batch/common/db/sqlmap/sp_rank_rireki_seq_BaseSqlMap.xml" />
<sqlMap resource="jp/hitachisoft/jfk/batch/common/db/sqlmap/kaiin_favorite_rireki_seq_BaseSqlMap.xml" />
<sqlMap resource="jp/hitachisoft/jfk/batch/common/db/sqlmap/kaiin_tougou_rireki_seq_BaseSqlMap.xml" />
<sqlMap resource="jp/hitachisoft/jfk/batch/common/db/sqlmap/kaiin_err_rireki_seq_BaseSqlMap.xml" />
<sqlMap resource="jp/hitachisoft/jfk/batch/common/db/sqlmap/shouhin_uketuke_no_seq_BaseSqlMap.xml" />
<sqlMap resource="jp/hitachisoft/jfk/batch/common/db/sqlmap/shouhin_updated_seq_BaseSqlMap.xml" />
<sqlMap resource="jp/hitachisoft/jfk/batch/common/db/sqlmap/ticket_issue_id_seq_BaseSqlMap.xml" />
<sqlMap resource="jp/hitachisoft/jfk/batch/common/db/sqlmap/ticket_error_id_seq_BaseSqlMap.xml" />
<sqlMap resource="jp/hitachisoft/jfk/batch/common/db/sqlmap/shouhin_code_seq_BaseSqlMap.xml" />
<sqlMap resource="jp/hitachisoft/jfk/batch/common/db/sqlmap/excute_seq_BaseSqlMap.xml" />
<sqlMap resource="jp/hitachisoft/jfk/batch/common/db/sqlmap/crm_tran_no_exc_seq_BaseSqlMap.xml" />
<sqlMap resource="jp/hitachisoft/jfk/batch/common/db/sqlmap/barcode_seq_BaseSqlMap.xml" />
<sqlMap resource="jp/hitachisoft/jfk/batch/common/db/sqlmap/uriage_no_seq_BaseSqlMap.xml" />
<sqlMap resource="jp/hitachisoft/jfk/batch/common/db/sqlmap/kari_uriage_no_seq_BaseSqlMap.xml" />
<sqlMap resource="jp/hitachisoft/jfk/batch/common/db/sqlmap/ikkatu_pt_yoyaku_seq_BaseSqlMap.xml" />
<sqlMap resource="jp/hitachisoft/jfk/batch/common/db/sqlmap/ikkatu_pt_kikan_yoyaku_seq_BaseSqlMap.xml" />
<sqlMap resource="jp/hitachisoft/jfk/batch/common/db/sqlmap/fusei_torihiki_seq_BaseSqlMap.xml" />
<sqlMap resource="jp/hitachisoft/jfk/batch/common/db/sqlmap/kaiage_tujo_incentive_m_seq_BaseSqlMap.xml" />
<sqlMap resource="jp/hitachisoft/jfk/batch/common/db/sqlmap/point_hendou_error_no_seq_BaseSqlMap.xml" />
<sqlMap resource="jp/hitachisoft/jfk/batch/common/db/sqlmap/infox_tanmatu_saibanwaku_seq_BaseSqlMap.xml" />
<sqlMap resource="jp/hitachisoft/jfk/batch/common/db/sqlmap/receipt_default_message_seq_BaseSqlMap.xml" />
<sqlMap resource="jp/hitachisoft/jfk/batch/common/db/sqlmap/soshiki_rireki_tuban_seq_BaseSqlMap.xml" />
<sqlMap resource="jp/hitachisoft/jfk/batch/common/db/sqlmap/infox_rireki_tuban_seq_BaseSqlMap.xml" />
<sqlMap resource="jp/hitachisoft/jfk/batch/common/db/sqlmap/file_upload_rireki_seq_BaseSqlMap.xml" />
<sqlMap resource="jp/hitachisoft/jfk/batch/common/db/sqlmap/me_campaign_id_seq_BaseSqlMap.xml" />
<sqlMap resource="jp/hitachisoft/jfk/batch/common/db/sqlmap/us_campaign_id_seq_BaseSqlMap.xml" />
<sqlMap resource="jp/hitachisoft/jfk/batch/common/db/sqlmap/kikaku_code_seq_BaseSqlMap.xml" />
<sqlMap resource="jp/hitachisoft/jfk/batch/common/db/sqlmap/question_id_seq_BaseSqlMap.xml" />
<sqlMap resource="jp/hitachisoft/jfk/batch/common/db/sqlmap/hutatsu_joho_id_seq_BaseSqlMap.xml" />
<sqlMap resource="jp/hitachisoft/jfk/batch/common/db/sqlmap/push_id_seq_BaseSqlMap.xml" />
<sqlMap resource="jp/hitachisoft/jfk/batch/common/db/sqlmap/kaiinlist_id_seq_BaseSqlMap.xml" />
<sqlMap resource="jp/hitachisoft/jfk/batch/common/db/sqlmap/toiawase_claims_no_seq_BaseSqlMap.xml" />
<sqlMap resource="jp/hitachisoft/jfk/batch/common/db/sqlmap/toiawase_claims_receipt_no_seq_BaseSqlMap.xml" />
<sqlMap resource="jp/hitachisoft/jfk/batch/common/db/sqlmap/kaiin_kensaku_rireki_seq_BaseSqlMap.xml" />
<sqlMap resource="jp/hitachisoft/jfk/batch/common/db/sqlmap/kaiin_hendou_rireki_seq_BaseSqlMap.xml" />
<sqlMap resource="jp/hitachisoft/jfk/batch/common/db/sqlmap/card_hendou_rireki_seq_BaseSqlMap.xml" />
<sqlMap resource="jp/hitachisoft/jfk/batch/common/db/sqlmap/smilelink_rireki_seq_BaseSqlMap.xml" />
<sqlMap resource="jp/hitachisoft/jfk/batch/common/db/sqlmap/kaiin_no_init_issue_seq_BaseSqlMap.xml" />
<sqlMap resource="jp/hitachisoft/jfk/batch/common/db/sqlmap/issue_card_appl_seq_BaseSqlMap.xml" />
<sqlMap resource="jp/hitachisoft/jfk/batch/common/db/sqlmap/kaiin_sec_org_rireki_seq_BaseSqlMap.xml" />
<sqlMap resource="jp/hitachisoft/jfk/batch/common/db/sqlmap/sp_rank_rireki_seq_BaseSqlMap.xml" />
<sqlMap resource="jp/hitachisoft/jfk/batch/common/db/sqlmap/kaiin_favorite_rireki_seq_BaseSqlMap.xml" />
<sqlMap resource="jp/hitachisoft/jfk/batch/common/db/sqlmap/kaiin_tougou_rireki_seq_BaseSqlMap.xml" />
<sqlMap resource="jp/hitachisoft/jfk/batch/common/db/sqlmap/kaiin_err_rireki_seq_BaseSqlMap.xml" />
<sqlMap resource="jp/hitachisoft/jfk/batch/common/db/sqlmap/shouhin_uketuke_no_seq_BaseSqlMap.xml" />
<sqlMap resource="jp/hitachisoft/jfk/batch/common/db/sqlmap/shouhin_updated_seq_BaseSqlMap.xml" />
<sqlMap resource="jp/hitachisoft/jfk/batch/common/db/sqlmap/ticket_issue_id_seq_BaseSqlMap.xml" />
<sqlMap resource="jp/hitachisoft/jfk/batch/common/db/sqlmap/ticket_error_id_seq_BaseSqlMap.xml" />
<sqlMap resource="jp/hitachisoft/jfk/batch/common/db/sqlmap/shouhin_code_seq_BaseSqlMap.xml" />
<sqlMap resource="jp/hitachisoft/jfk/batch/common/db/sqlmap/excute_seq_BaseSqlMap.xml" />
<sqlMap resource="jp/hitachisoft/jfk/batch/common/db/sqlmap/crm_tran_no_exc_seq_BaseSqlMap.xml" />
<sqlMap resource="jp/hitachisoft/jfk/batch/common/db/sqlmap/barcode_seq_BaseSqlMap.xml" />
<sqlMap resource="jp/hitachisoft/jfk/batch/common/db/sqlmap/uriage_no_seq_BaseSqlMap.xml" />
<sqlMap resource="jp/hitachisoft/jfk/batch/common/db/sqlmap/kari_uriage_no_seq_BaseSqlMap.xml" />
<sqlMap resource="jp/hitachisoft/jfk/batch/common/db/sqlmap/ikkatu_pt_yoyaku_seq_BaseSqlMap.xml" />
<sqlMap resource="jp/hitachisoft/jfk/batch/common/db/sqlmap/ikkatu_pt_kikan_yoyaku_seq_BaseSqlMap.xml" />
<sqlMap resource="jp/hitachisoft/jfk/batch/common/db/sqlmap/fusei_torihiki_seq_BaseSqlMap.xml" />
<sqlMap resource="jp/hitachisoft/jfk/batch/common/db/sqlmap/kaiage_tujo_incentive_m_seq_BaseSqlMap.xml" />
<sqlMap resource="jp/hitachisoft/jfk/batch/common/db/sqlmap/point_hendou_error_no_seq_BaseSqlMap.xml" />
<sqlMap resource="jp/hitachisoft/jfk/batch/common/db/sqlmap/infox_tanmatu_saibanwaku_seq_BaseSqlMap.xml" />
