<?xml version="1.0" encoding="UTF-8"?>
<!DOCTYPE abatorConfiguration PUBLIC "-//Apache Software Foundation//DTD Abator for iBATIS Configuration 1.0//EN"
  "http://ibatis.apache.org/dtd/abator-config_1_0.dtd">
<abatorConfiguration>
  <abatorContext>    <!-- TODO: Add Database Connection Information -->
    <jdbcConnection driverClass="org.postgresql.Driver"
        connectionURL="jdbc:postgresql://10.211.247.104:5432/sspcpostgre"
        userId="piadmin"
        password="piadmin">
            <classPathEntry location="./postgresql-42.2.5.jar" />
    <!-- API -->
    </jdbcConnection>
    <javaModelGenerator targetPackage="jp.hitachisoft.jfk.online.common.db.bean" targetProject=".\java"   type="org.apache.ibatis.abator.extra.RealJFKModelGenerator"/>
    <sqlMapGenerator targetPackage="jp.hitachisoft.jfk.online.common.db.sqlmap" targetProject=".\java" type="org.apache.ibatis.abator.extra.RealJFKSqlMapGenerator"/>
    <daoGenerator targetPackage="jp.hitachisoft.jfk.online.common.db.dao" targetProject=".\java" type="org.apache.ibatis.abator.extra.RealJFKDaoGenerator"/>
    <table  tableName="M_ADDRESS_CODE" enableSelectByExample = "false" enableDeleteByExample = "false" selectByExampleQueryId = "false" modelType ="flat"></table>
    
</abatorContext>
</abatorConfiguration>

