<!DOCTYPE abatorConfiguration PUBLIC "-//Apache Software Foundation//DTD Abator for iBATIS Configuration 1.0//EN"
  "http://ibatis.apache.org/dtd/abator-config_1_0.dtd">
<abatorConfiguration>
  <abatorContext>    <!-- TODO: Add Database Connection Information -->
    <jdbcConnection driverClass="org.postgresql.Driver"
        connectionURL="jdbc:postgresql://10.211.247.104:5432/sspcpostgre"
        userId="piadmin"
        password="piadmin">
            <classPathEntry location="./postgresql-42.2.5.jar" />
    </jdbcConnection>
    <!-- Batch -->
    <javaModelGenerator targetPackage="jp.hitachisoft.jfk.batch.common.db.bean" targetProject=".\java"   type="org.apache.ibatis.abator.extra.BatchJFKModelGenerator"/>
    <sqlMapGenerator targetPackage="jp.hitachisoft.jfk.batch.common.db.sqlmap" targetProject=".\java" type="org.apache.ibatis.abator.extra.BatchJFKSqlMapGenerator"/>
    <daoGenerator targetPackage="jp.hitachisoft.jfk.batch.common.db.dao" targetProject=".\java" type="org.apache.ibatis.abator.extra.BatchJFKDaoGenerator"/>
    <table  tableName="M_ADDRESS_CODE" enableSelectByExample = "false" enableDeleteByExample = "false" selectByExampleQueryId = "false" modelType ="flat"></table>
    
</abatorContext>
</abatorConfiguration>

